<?xml version="1.0" encoding="UTF-8" ?>
<!DOCTYPE mapper
  PUBLIC "-//mybatis.org//DTD Mapper 3.0//EN"
  "http://mybatis.org/dtd/mybatis-3-mapper.dtd">
<mapper namespace="com.cos.shop.repository.UserRepository">

	<select id="findAll" resultType="com.cos.shop.model.user.User">
		select * from user order by id
		desc
	</select>

	<select id="findById" resultType="com.cos.shop.model.user.User">
		select * from user where id =
		#{id}
	</select>

	<select id="findByUsername" resultType="int">
		select count(*) from user
		where username = #{username}
	</select>

	<select id="checkOverId" parameterType="String" resultType="int">
		select count(*) from user
		where username = #{username}
	</select>

	<select id="findByUsernameAndPassword"
		resultType="com.cos.shop.model.user.User">
		select id, username, email, phone from user where username
		= #{username} and password = #{password}
	</select>

	<insert id="save">
		insert into user(username, password, email, phone,
		address, createDate)
		values(#{username}, #{password}, #{email},
		#{phone}, #{address},
		now())
	</insert>

	<update id="update">
		update user set password=#{password}, email=#{email}
		where id = #{id}
	</update>

	<delete id="delete">
		delete from user where id = #{id}
	</delete>

</mapper>